{
  "name": "幽灵",
  "category": "world",
  "icon": "bewitchment:spectral_dust",
  "pages": [
	{
	  "type": "text",
	  "text": "物质世界经常被超自然的事物所拜访，它们要么充当守护者和保护者，要么在某些情况下带有恶意地造成破坏。不管它们的性质如何，冷铁都是对付他们的实际工具。"
	},
	{
	  "type": "empty",
	  "draw_filler": false
	},
	{
	  "type": "text",
	  "title": "黑狗",
	  "text": "黑狗像一个巨大的影子犬，并以骚扰村镇、折磨住在那里的人而被熟知。如果受到攻击，黑狗可能会变得不可见，只有眼睛的光芒可见。"
	},
	{
	  "type": "entity",
	  "entity": "bewitchment:black_dog",
	  "scale": 0.5
	}
  ]
}
