{
  "name": "树木",
  "category": "world",
  "icon": "bewitchment:elder_sapling",
  "pages": [
	{
	  "type": "text",
	  "text": "树木是大多数巫术的支柱。"
	},
	{
	  "type": "empty",
	  "draw_filler": false
	},
	{
	  "type": "text",
	  "title": "柏树",
	  "text": "在针叶环境中(如Taigas地形)发现的一种高大而黑暗的树。这种树与死亡和来世有关，对制备死亡低潮烟雾至关重要。尽管如此，用柏木制成的扫把在飞行中可以给骑手带来暂时的抗性提升。"
	},
	{
	  "type": "image",
	  "images": [
		"bewitchment:textures/gui/patchouli/cypress.png"
	  ],
	  "border": true
	},
	{
	  "type": "text",
	  "title": "接骨木",
	  "text": "接骨木是一种在茂密的森林中常见的树，包括常见的森林和桦树森林。这棵树与智慧有关，树苗产生智慧液滴。用这棵树的木头制作的魔法扫把是最快的。这棵树也产生多汁的浆果，这是你父亲曾经闻到的。"
	},
	{
	  "type": "image",
	  "images": [
		"bewitchment:textures/gui/patchouli/elder.png"
	  ],
	  "border": true
	},
	{
	  "type": "text",
	  "title": "杜松",
	  "text": "一种主要在干旱地区发现的树，最常见的是在萨瓦纳草原。这棵树以其强大的魔力而闻名，从幼树中提取的提取物被用来制作液化魔力。这种木质的扫把具有天生的魔力，不需要额外提供魔力。它产生小的蓝色莓状球果，是一种流行的香料。"
	},
	{
	  "type": "image",
	  "images": [
		"bewitchment:textures/gui/patchouli/juniper.png"
	  ],
	  "border": true
	},
	{
	  "type": "text",
	  "title": "紫杉",
	  "text": "一棵2x2大小的大树，只存在于最茂密的古老森林比如黑森林中。它生成有毒的肉质球果，称为假种皮。紫杉是一棵长寿的树，灼烧紫杉树苗产生生命精髓。紫杉扫把具有将用户传送回他们首次骑乘它的位置的独特功能。"
	},
	{
	  "type": "image",
	  "images": [
		"bewitchment:textures/gui/patchouli/yew.png"
	  ],
	  "border": true
	}
  ]
}
