{
    "name": "嬗变催化器",
    "icon": "naturesaura:conversion_catalyst",
    "category": "using",
    "advancement": "naturesaura:sky_ingot",
    "pages": [
        {
            "type": "text",
            "text": "$(l:collecting/altar)自然祭坛$()有利于将$(#419600)灵气$()注入特定物品，然而，它也可以帮助一个物体从一种类型转化成另一种类型。$(br)这可以通过将$(item)嬗变催化器$()放置在任意一个祭坛核心周围的低处的$(item)苔石砖$()方块（共4处）上，然后像以往一样放置材料达成。"
        },
        {
            "type": "naturesaura:tree_ritual",
            "text": "用$(l:practices/tree_ritual)森林仪式$()制造$(item)嬗变催化器$()。",
            "recipe": "naturesaura:conversion_catalyst"
        },
        {
            "type": "naturesaura:altar",
            "text": "用瓶装黑暗制造$(item)龙息$()。",
            "recipe": "naturesaura:breath"
        },
        {
            "type": "naturesaura:altar",
            "text": "将腐肉转化为$(item)皮革$()",
            "recipe": "naturesaura:leather"
        },
        {
            "type": "naturesaura:altar",
            "text": "利用沙子制作$(item)灵魂沙$()",
            "recipe": "naturesaura:soul_sand"
        },
        {
            "type": "naturesaura:altar",
            "text": "用毒蘑菇合成$(item)地狱疣$()",
            "recipe": "naturesaura:nether_wart"
        },
        {
            "type": "naturesaura:altar",
            "text": "用地狱的矿物变出$(item)海晶碎片$()",
            "recipe": "naturesaura:prismarine"
        },
        {
            "type": "naturesaura:altar",
            "text": "使空$(item)玻璃瓶$()内开始积攒$(thing)水$()",
            "recipe": "naturesaura:water"
        },
        {
            "type": "naturesaura:altar",
            "text": "将$(item)木炭$()转变为$(item)煤炭$()",
            "recipe": "naturesaura:coal"
        }
    ]
}
