{
    "name": "灵气力场创造器",
    "icon": "naturesaura:field_creator",
    "category": "using",
    "advancement": "naturesaura:aura_bottle_end",
    "pages": [
        {
            "type": "text",
            "text": "两种人类主要活动之一便是$(thing)破坏$()方块。这需要相当大的力量和努力，而且长时间这么做相当累。$(br)$(item)灵气力场创造器$()会创造一片有着移动$(#419600)灵气$()的稠密力场，强力到足以$(thing)破坏$()力场内的方块。"
        },
        {
            "type": "text",
            "text": "要想建立这样一片力场，两个$(item)灵气力场创造器$()需要间隔一段距离放置。然后，潜行互动其中一个作为起始点，再不潜行互动另一个，使两者间建立连接。$(br)一旦给任意一个创造器提供$(thing)红石信号$()，在短暂引导后，两个创造器之间的力场会破坏其间的所有方块，并掉落相应物品。"
        },
        {
          "type":"text",
            "text":"当然，破坏方块与创建力场需要环境中的一定量$(#419600)灵气$()。另外，持续力场需要不断消耗少量灵气。$(br)任何需要从$(thing)剪$()特定方块中获得物品的植物学家不需要担心：放置一个内含$(item)剪刀$()的$(item)物品展示框$()到两个$(item)灵气力场创造器$()之一上会使两者间能被剪的方块被剪下来，其他的则普通地被破坏。"
        },
        {
            "type": "crafting",
            "text": "合成两个$(item)灵气力场创造器$()",
            "recipe": "naturesaura:field_creator"
        }
    ]
}
