{
    "name": "增强型漏斗",
    "icon": "naturesaura:hopper_upgrade",
    "category": "using",
    "advancement": "naturesaura:infused_materials",
    "pages": [
        {
            "type": "text",
            "text": "通过$(item)漏斗$()收集物品十分有用，但有时候也会很不方便，尤其是有一大片区域需要收集物品。对此，$(item)增强型漏斗$()十分有用：只需将其放置在任何$(item)漏斗$()上方，它将会大大增加漏斗的拾取范围大约$(thing)7$()格。$(br)每次收集到物品时，会耗费少量$(#419600)灵气$()."
        },
        {
            "type": "crafting",
            "text": "合成$(item)增强型漏斗$()",
            "recipe": "naturesaura:hopper_upgrade"
        }
    ]
}
