{
    "name": "微型建造器",
    "icon": "naturesaura:placer",
    "category": "using",
    "advancement": "naturesaura:infused_materials",
    "pages": [
        {
            "type": "text",
            "text": "很多工作需要人来完成，其中大部分是为了在世界中$(thing)放置$()方块。在$(#419600)灵气$()可以发挥作用的地方，这确实是对人员的一种浪费。$(item)微型建造器$()会消耗一些$(#419600)灵气$()来放置你提供的任意方块。$(p)建造器将会收集其顶部的$(item)物品容器$()内的物品来放置。"
        },
        {
            "type": "text",
            "text": "若要声明方块要被放置在什么上面，你需要在建造器上放置$(item)物品展示框$()，并将目标方块放入展示框。随后建造器会将箱子中的方块放置于大约$(thing)5格区域$()内。$(p)例如，将一个圆石放置于物品展示课内，在箱子中放置一组木板，建造器将会在附近的任何圆石上放置木板。$(p)通入红石信号会停止放置。"
        },
        {
            "type": "crafting",
            "text": "合成$(item)微型建造器$()",
            "recipe": "naturesaura:placer"
        },
        {
            "type": "crafting",
            "text": "$(item)农业模板$()可以让建造器将各类物品放置在$(item)耕地$()上。只需像正常方块那样将模板放在展示框内。",
            "recipe": "naturesaura:farming_stencil"
        }
    ]
}
