{
	"name": "魔幻世界漫游记",
	"advancement_namespaces": [
		"mysticalworld"
	],
	"creative_tab": "mysticalworld",
	"advancements_tab": "mysticalworld",
	"landing_text": "这是一个美丽的魔法世界！$(br2)这本书将介绍$(br)$(l)奇妙神秘的魔法事物$()，$(br)给予你必要的引导知识。",
	"book_texture": "mysticalworld:textures/gui/book.png",
	"filler_texture": "mysticalworld:textures/gui/patchouli/book_filler.png",
	"model": "mysticalworld:guidebook",
	"version": 1,
	"show_progress": false,
	"macros": {
		"$(info)": "$(thing)$(bold)$(t:Important Detail)[!]$()",
		"$(warning)": "$(#f00)$(bold)$(t:Warning)[!]$()"
	}
}
