{"stat.useItem.minecraft.painting":3,"stat.pigOneCm":1781,"stat.pickup.tis3d.module_random_access_memory":1,"stat.leaveGame":6,"stat.useItem.minecraft.bookshelf":88,"stat.useItem.minecraft.soul_sand":1,"stat.useItem.minecraft.lead":1,"stat.useItem.minecraft.glowstone":7,"stat.drop.minecraft.enchanted_book":1,"stat.drop.minecraft.skull":1,"stat.useItem.minecraft.planks":363,"stat.pickup.minecraft.porkchop":24,"stat.pickup.minecraft.glass":12,"stat.pickup.minecraft.blaze_powder":45,"stat.drop.minecraft.melon":3,"stat.useItem.minecraft.water_bucket":37,"stat.pickup.minecraft.rotten_flesh":9,"stat.useItem.minecraft.diamond_hoe":21,"stat.pickup.minecraft.sand":41,"stat.drop.minecraft.golden_leggings":1,"stat.craftItem.minecraft.stone_axe":3,"stat.useItem.minecraft.vine":101,"stat.pickup.minecraft.observer":1,"stat.useItem.minecraft.rail":11,"stat.pickup.minecraft.wooden_hoe":1,"stat.craftItem.minecraft.stone_sword":1,"stat.useItem.minecraft.anvil":2,"stat.pickup.minecraft.brown_mushroom":4,"stat.mineBlock.minecraft.sand":35,"stat.craftItem.minecraft.wooden_hoe":1,"stat.craftItem.minecraft.cooked_fish":1,"stat.killEntity.Villager":1,"stat.hopperInspected":7,"stat.useItem.minecraft.iron_pickaxe":105,"stat.useItem.minecraft.spawn_egg":38,"stat.pickup.minecraft.double_plant":1,"stat.craftItem.minecraft.bed":1,"stat.pickup.minecraft.wooden_shovel":2,"stat.furnaceInteraction":146,"stat.drop.minecraft.gravel":1,"stat.useItem.minecraft.nether_wart":1,"stat.useItem.minecraft.pumpkin_seeds":3,"stat.pickup.minecraft.wooden_button":1,"stat.drop.minecraft.red_flower":6,"stat.pickup.minecraft.beef":2,"stat.pickup.minecraft.furnace":3,"stat.useItem.minecraft.redstone":12,"stat.pickup.tis3d.module_queue":2,"stat.useItem.minecraft.trapdoor":4,"stat.useItem.minecraft.fence":1,"stat.useItem.minecraft.stone_stairs":43,"stat.pickup.minecraft.skull":1,"stat.drop.minecraft.furnace":1,"stat.useItem.minecraft.dark_oak_door":3,"stat.killEntity.Horse":6,"stat.pickup.minecraft.stone_stairs":1,"stat.pickup.minecraft.potion":5,"stat.useItem.minecraft.cauldron":17,"stat.useItem.minecraft.flint_and_steel":1,"stat.useItem.minecraft.wheat_seeds":56,"stat.useItem.minecraft.wooden_button":4,"stat.useItem.minecraft.lingering_potion":13,"stat.useItem.minecraft.hopper":18,"stat.useItem.minecraft.dye":717,"stat.pickup.minecraft.lever":1,"stat.deaths":5,"stat.pickup.minecraft.egg":5,"stat.playOneMinute":741224,"stat.craftItem.minecraft.wooden_shovel":1,"stat.craftItem.minecraft.iron_pickaxe":2,"stat.drop.minecraft.torch":1,"stat.drop.minecraft.glass_bottle":1,"stat.pickup.minecraft.dispenser":1,"stat.mineBlock.minecraft.tallgrass":520,"stat.chestOpened":440,"stat.pickup.minecraft.pumpkin":2,"stat.useItem.minecraft.splash_potion":200,"stat.pickup.minecraft.spruce_door":3,"stat.useItem.minecraft.stone":3951,"stat.pickup.minecraft.arrow":7,"stat.pickup.minecraft.iron_sword":1,"stat.useItem.minecraft.ender_chest":4,"stat.drop.minecraft.flint":13,"stat.craftItem.minecraft.coal":10,"stat.pickup.tis3d.module_serial_port":1,"stat.fallOneCm":29290,"stat.pickup.tis3d.module_facade":1,"stat.pickup.tis3d.module_terminal":7,"stat.pickup.minecraft.melon_seeds":2,"stat.crouchOneCm":21490,"stat.mineBlock.minecraft.chest":7,"stat.craftItem.minecraft.chest":7,"stat.craftItem.minecraft.iron_ingot":20,"stat.pickup.minecraft.golden_leggings":1,"stat.pickup.minecraft.melon":16,"stat.craftingTableInteraction":86,"stat.useItem.minecraft.emerald_ore":1,"stat.pickup.minecraft.wooden_pickaxe":2,"stat.pickup.minecraft.feather":6,"stat.useItem.minecraft.furnace":31,"stat.craftItem.minecraft.wooden_sword":1,"stat.pickup.minecraft.dye":8,"stat.pickup.minecraft.planks":112,"stat.mineBlock.minecraft.spruce_fence":7,"stat.pickup.minecraft.wheat_seeds":214,"stat.pickup.minecraft.lead":2,"stat.mineBlock.minecraft.gravel":20,"stat.useItem.minecraft.stone_pickaxe":623,"stat.breakItem.minecraft.stone_axe":1,"stat.drop.minecraft.soul_sand":1,"stat.useItem.minecraft.stone_sword":37,"stat.useItem.minecraft.enchanting_table":2,"stat.mineBlock.minecraft.dirt":122,"stat.useItem.minecraft.iron_bars":3,"stat.flowerPotted":1,"stat.useItem.minecraft.torch":514,"stat.useItem.minecraft.bread":1,"stat.drop.minecraft.rotten_flesh":2,"stat.craftItem.minecraft.stone_stairs":8,"stat.useItem.minecraft.log":54,"stat.pickup.minecraft.crafting_table":4,"stat.useItem.minecraft.comparator":1,"stat.useItem.minecraft.cobblestone":1103,"stat.craftItem.minecraft.crafting_table":4,"stat.useItem.minecraft.gravel":25,"stat.mineBlock.minecraft.double_plant":78,"stat.pickup.minecraft.log":96,"stat.useItem.minecraft.cooked_fish":1,"stat.drop.minecraft.chicken":1,"stat.drop.minecraft.iron_ore":1,"stat.craftItem.minecraft.gold_ingot":13,"stat.drop.minecraft.planks":1,"stat.pickup.minecraft.chicken":9,"stat.pickup.minecraft.sapling":19,"stat.useItem.minecraft.tallgrass":3,"stat.pickup.minecraft.apple":2,"stat.useItem.minecraft.glass_pane":440,"stat.pickup.tis3d.module_random":4,"stat.craftItem.minecraft.carrot_on_a_stick":1,"stat.craftItem.minecraft.bucket":1,"stat.craftItem.minecraft.planks":288,"stat.useItem.minecraft.iron_sword":10,"stat.itemEnchanted":1,"stat.useItem.minecraft.wooden_pressure_plate":1,"stat.mineBlock.minecraft.log":93,"stat.craftItem.minecraft.cooked_chicken":4,"stat.useItem.minecraft.stone_hoe":19,"stat.useItem.minecraft.wooden_door":1,"stat.useItem.minecraft.spruce_door":2,"stat.craftItem.minecraft.sugar":4,"stat.pickup.minecraft.red_flower":48,"stat.sneakTime":35459,"stat.pickup.minecraft.wool":10,"stat.useItem.minecraft.wooden_axe":131,"stat.pickup.minecraft.stone_slab":6,"stat.useItem.minecraft.brewing_stand":5,"stat.pickup.minecraft.yellow_flower":23,"stat.pickup.tis3d.module_redstone":1,"stat.drop.minecraft.grass":1,"stat.pickup.minecraft.chest":7,"stat.craftItem.minecraft.spruce_door":3,"stat.useItem.minecraft.web":68,"stat.craftItem.minecraft.leather_leggings":1,"stat.useItem.minecraft.lapis_block":3,"stat.horseOneCm":9728,"stat.useItem.minecraft.repeater":1,"stat.mineBlock.minecraft.cobblestone":5,"stat.mineBlock.minecraft.pumpkin":2,"stat.pickup.minecraft.stone_pickaxe":1,"stat.pickup.minecraft.flint":16,"stat.mineBlock.minecraft.yellow_flower":13,"stat.mineBlock.minecraft.brown_mushroom":2,"stat.useItem.minecraft.diamond_sword":70,"stat.swimOneCm":20121,"stat.climbOneCm":54145,"stat.pickup.minecraft.enchanted_book":1,"stat.pickup.minecraft.cooked_porkchop":3,"stat.pickup.tis3d.module_stack":3,"stat.enderchestOpened":14,"stat.useItem.minecraft.obsidian":14,"stat.useItem.minecraft.dirt":1489,"stat.pickup.tis3d.module_read_only_memory":1,"stat.useItem.minecraft.stone_slab2":1056,"stat.craftItem.minecraft.furnace":9,"stat.useItem.minecraft.white_glazed_terracotta":4,"stat.useItem.minecraft.egg":1,"stat.useItem.thuttech.devicelinker":21,"stat.useItem.minecraft.iron_ore":13,"stat.craftItem.minecraft.trapdoor":2,"stat.craftItem.minecraft.stone_pickaxe":5,"stat.pickup.minecraft.cobblestone":515,"stat.drop.minecraft.fence":1,"stat.useItem.minecraft.spruce_fence_gate":1,"stat.useItem.minecraft.stone_shovel":45,"stat.flyOneCm":1930682,"stat.pickup.minecraft.soul_sand":1,"stat.useItem.minecraft.cooked_beef":3,"stat.pickup.minecraft.redstone":1,"stat.mineBlock.minecraft.iron_ore":21,"stat.timeSinceDeath":4650,"stat.useItem.minecraft.sign":13,"stat.cauldronFilled":7,"stat.useItem.minecraft.melon_block":11,"stat.useItem.minecraft.wooden_slab":163,"stat.pickup.minecraft.mutton":19,"stat.useItem.minecraft.iron_door":6,"stat.useItem.minecraft.lever":6,"stat.useItem.minecraft.potato":9,"stat.pickup.minecraft.wooden_axe":2,"stat.pickup.minecraft.spruce_fence":12,"stat.drop.minecraft.dirt":18,"stat.useItem.minecraft.cooked_porkchop":5,"stat.pickup.tis3d.module_keypad":1,"stat.mineBlock.minecraft.coal_ore":70,"stat.drop.minecraft.wool":2,"stat.useItem.minecraft.armor_stand":3,"stat.talkedToVillager":4,"stat.pickup.minecraft.wooden_sword":1,"stat.pickup.minecraft.string":3,"stat.mineBlock.minecraft.ladder":1,"stat.useItem.minecraft.milk_bucket":1,"stat.useItem.minecraft.spruce_fence":38,"stat.sprintOneCm":297886,"stat.useItem.minecraft.diamond_block":2,"stat.mineBlock.minecraft.stone_slab":5,"stat.craftItem.minecraft.wooden_axe":1,"stat.craftItem.minecraft.stick":112,"stat.useItem.minecraft.stone_slab":88,"stat.useItem.minecraft.bed":9,"stat.craftItem.minecraft.stone":15,"stat.pickup.minecraft.grass":1,"stat.mineBlock.minecraft.crafting_table":4,"stat.useItem.minecraft.stone_pressure_plate":4,"stat.useItem.minecraft.carrot":2,"stat.useItem.minecraft.ender_eye":269,"stat.useItem.minecraft.wooden_shovel":46,"stat.useItem.minecraft.bucket":26,"stat.mineBlock.minecraft.planks":97,"stat.drop":50,"stat.useItem.minecraft.wooden_sword":21,"stat.useItem.minecraft.cake":1,"stat.killEntity.Sheep":6,"stat.useItem.minecraft.ladder":98,"stat.craftItem.minecraft.emerald":1,"stat.useItem.minecraft.melon_seeds":2,"stat.killEntity.Zombie":8,"stat.craftItem.minecraft.dye":32,"stat.mineBlock.minecraft.gold_ore":15,"stat.diveOneCm":47312,"stat.craftItem.minecraft.ladder":15,"stat.pickup.minecraft.gravel":15,"stat.craftItem.minecraft.cooked_porkchop":11,"stat.pickup.tis3d.module_sequencer":5,"stat.pickup.minecraft.stone_axe":1,"stat.useItem.minecraft.apple":3,"stat.breakItem.minecraft.wooden_axe":2,"stat.useItem.minecraft.black_glazed_terracotta":4,"stat.useItem.minecraft.porkchop":3,"stat.useItem.minecraft.carpet":57,"stat.useItem.minecraft.potion":40,"stat.useItem.minecraft.flower_pot":3,"stat.jump":1732,"stat.useItem.minecraft.iron_trapdoor":3,"stat.drop.thuttech.lift":15,"stat.useItem.minecraft.wooden_hoe":24,"stat.pickup.minecraft.fence":1,"stat.pickup.minecraft.coal":85,"stat.craftItem.minecraft.lever":1,"stat.useItem.minecraft.stone_axe":158,"stat.useItem.minecraft.piston":7,"stat.craftItem.minecraft.torch":48,"stat.pickup.minecraft.dirt":208,"stat.useItem.minecraft.stone_button":12,"stat.useItem.minecraft.cooked_chicken":2,"stat.pickup.minecraft.iron_ore":22,"stat.useItem.minecraft.glass":177,"stat.useItem.minecraft.dispenser":3,"stat.useItem.minecraft.sapling":100,"stat.pickup.minecraft.gold_ore":15,"stat.mineBlock.minecraft.lapis_ore":1,"stat.useItem.minecraft.redstone_lamp":3,"stat.pickup.thuttech.lift":15,"stat.mineBlock.minecraft.stone_stairs":1,"stat.brewingstandInteraction":51,"stat.pickup.tis3d.module_timer":2,"stat.pickup.minecraft.leather":4,"stat.damageTaken":2250,"stat.mineBlock.minecraft.torch":40,"stat.mineBlock.minecraft.red_flower":28,"stat.mineBlock.minecraft.furnace":2,"stat.useItem.minecraft.wooden_pickaxe":38,"stat.dispenserInspected":9,"stat.useItem.minecraft.gold_block":7,"stat.tradedWithVillager":2,"stat.mineBlock.minecraft.sapling":1,"stat.pickup.minecraft.ender_eye":1,"stat.pickup.minecraft.reeds":12,"stat.useItem.minecraft.slime":1,"stat.pickup.minecraft.bed":1,"stat.pickup.minecraft.potato":5,"stat.entityKilledBy.Zombie":1,"stat.damageDealt":8323,"stat.craftItem.minecraft.glass":8,"stat.sleepInBed":11,"stat.killEntity.Cow":1,"stat.useItem.minecraft.crafting_table":17,"stat.killEntity.Pig":5,"stat.craftItem.minecraft.iron_sword":1,"stat.craftItem.minecraft.stone_slab":6,"stat.craftItem.minecraft.stone_shovel":1,"stat.walkOneCm":1263097,"stat.animalsBred":1,"stat.useItem.minecraft.chest":101,"stat.drop.minecraft.item_frame":1,"stat.pickup.minecraft.stick":19,"stat.useItem.minecraft.pumpkin":7,"stat.useItem.minecraft.observer":20,"stat.useItem.minecraft.lava_bucket":10,"stat.breakItem.minecraft.stone_pickaxe":4,"stat.useItem.minecraft.melon":10,"stat.useItem.minecraft.item_frame":3,"stat.pickup.minecraft.stone":114,"stat.useItem.minecraft.spruce_stairs":1,"stat.useItem.minecraft.leaves":10,"stat.pickup.minecraft.ladder":12,"stat.pickup.minecraft.gold_ingot":2,"stat.useItem.minecraft.netherrack":17,"stat.killEntity.Skeleton":1,"stat.killEntity.Chicken":4,"stat.useItem.minecraft.iron_block":22,"stat.killEntity.Spider":1,"stat.craftItem.minecraft.spruce_fence":15,"stat.drop.minecraft.clock":1,"stat.mobKills":38,"stat.useItem.minecraft.golden_apple":1,"stat.pickup.tis3d.module_display":4,"stat.useItem.minecraft.cobblestone_wall":21,"stat.mineBlock.minecraft.leaves":21,"stat.pickup.minecraft.torch":67,"stat.mineBlock.minecraft.stone":594,"stat.pickup.tis3d.module_execution":5}