{"stat.useItem.minecraft.bow":7,"stat.pickup.minecraft.bone":1,"stat.pickup.minecraft.redstone_torch":1,"stat.leaveGame":3,"stat.drop.minecraft.redstone":5,"stat.killEntity.Blaze":1,"stat.useItem.minecraft.diamond_sword":68,"stat.drop.forge.bucketfilled":1,"stat.killEntity.PigZombie":1,"stat.pickup.immersiveengineering.metal_decoration2":4,"stat.swimOneCm":14589,"stat.climbOneCm":35561,"stat.enderchestOpened":1,"stat.useItem.minecraft.stone_slab2":4025,"stat.pickup.minecraft.bow":1,"stat.pickup.forge.bucketfilled":1,"stat.drop.industrialrenewal.sensor_rain":1,"stat.pickup.minecraft.rotten_flesh":30,"stat.drop.minecraft.redstone_torch":1,"stat.pickup.minecraft.sand":1,"stat.useItem.thuttech.devicelinker":16,"stat.useItem.minecraft.vine":2,"stat.drop.industrialrenewal.catwalk_pillar":1,"stat.pickup.minecraft.cobblestone":19,"stat.flyOneCm":738829,"stat.killEntity.Witch":1,"stat.drop.minecraft.sand":3,"stat.drop.buildcraftfactory.tank":1,"stat.killEntity.Villager":1,"stat.pickup.minecraft.redstone":1,"stat.timeSinceDeath":599645,"stat.hopperInspected":3,"stat.useItem.minecraft.spawn_egg":13,"stat.useItem.buildcraftfactory.pump":3,"stat.pickup.buildcraftcore.engine":1,"stat.furnaceInteraction":5,"stat.useItem.minecraft.cooked_porkchop":1,"stat.killEntity.ZombieVillager":1,"stat.killEntity.Creeper":1,"stat.talkedToVillager":3,"stat.drop.minecraft.spawn_egg":1,"stat.drop.minecraft.stone_slab":1,"stat.pickup.minecraft.string":1,"stat.drop.minecraft.bedrock":2,"stat.pickup.buildcraftfactory.pump":1,"stat.pickup.buildcrafttransport.pipe_gold_item":1,"stat.entityKilledBy.Skeleton":1,"stat.craftItem.minecraft.stone_slab2":0,"stat.pickup.industrialrenewal.record_royal_entrance":3,"stat.sprintOneCm":6806,"stat.pickup.buildcrafttransport.pipe_quartz_fluid":1,"stat.drop.buildcrafttransport.pipe_stone_fluid":1,"stat.pickup.minecraft.lever":4,"stat.deaths":2,"stat.drop":35,"stat.playOneMinute":604879,"stat.pickup.minecraft.blaze_rod":1,"stat.pickup.buildcrafttransport.pipe_stone_fluid":1,"stat.useItem.immersiveengineering.wooden_device0":5,"stat.useItem.minecraft.ladder":10,"stat.pickup.minecraft.slime_ball":6,"stat.useItem.immersiveengineering.wooden_device1":4,"stat.craftItem.minecraft.emerald":1,"stat.killEntity.Zombie":1,"stat.drop.minecraft.chest":1,"stat.diveOneCm":4651,"stat.chestOpened":79,"stat.pickup.industrialrenewal.sensor_rain":1,"stat.useItem.malisisdoors.rustyhatch":4,"stat.killEntity.Slime":9,"stat.pickup.minecraft.gold_nugget":1,"stat.useItem.minecraft.potion":7,"stat.useItem.immersiveengineering.metal_decoration2":5,"stat.useItem.industrialrenewal.item_fire_extinguisher":20,"stat.jump":861,"stat.drop.thuttech.lift":4,"stat.pickup.minecraft.fence":1,"stat.pickup.minecraft.coal":1,"stat.fallOneCm":4520,"stat.drop.minecraft.stone":3,"stat.pickup.buildcraftfactory.tank":1,"stat.drop.minecraft.diamond_sword":1,"stat.crouchOneCm":15944,"stat.pickup.minecraft.spider_eye":1,"stat.pickup.industrialrenewal.catwalk_pillar":1,"stat.craftItem.minecraft.banner":3,"stat.craftingTableInteraction":6,"stat.pickup.thuttech.lift":4,"stat.pickup.buildcraftcore.fragile_fluid_shard":345,"stat.damageTaken":620,"stat.tradedWithVillager":2,"stat.drop.minecraft.concrete":2,"stat.killEntity.CaveSpider":2,"stat.pickup.buildcraftcore.marker_volume":1,"stat.useItem.immersiveengineering.metal_device0":3,"stat.damageDealt":2341,"stat.useItem.immersiveengineering.metal_device1":1,"stat.sleepInBed":2,"stat.drop.buildcraftfactory.distiller":1,"stat.walkOneCm":793260,"stat.drop.minecraft.rotten_flesh":2,"stat.pickup.buildcrafttransport.pipe_wood_item":1,"stat.pickup.buildcraftfactory.distiller":1,"stat.killEntity.LavaSlime":4,"stat.drop.minecraft.iron_block":1,"stat.drop.minecraft.glass_pane":1,"stat.pickup.minecraft.bedrock":1,"stat.useItem.malisisswitches.powerlinker":23,"stat.pickup.minecraft.stone":6,"stat.craftItem.minecraft.redstone":4,"stat.pickup.minecraft.ladder":6,"stat.killEntity.Skeleton":1,"stat.drop.buildcrafttransport.pipe_quartz_fluid":1,"stat.killEntity.Spider":1,"stat.mobKills":24,"stat.pickup.minecraft.golden_sword":1,"stat.drop.industrialrenewal.catwalk_column":1,"stat.pickup.minecraft.torch":5,"stat.sneakTime":20548,"stat.pickup.industrialrenewal.catwalk_column":1,"stat.drop.minecraft.grass":1}