{"stat.useItem.minecraft.bow":6,"stat.useItem.ic2.pipe":10,"stat.pickup.minecraft.stone_pressure_plate":1,"stat.horseOneCm":419,"stat.leaveGame":11,"stat.pickup.opencomputers.component":23,"stat.pickup.minecraft.flint":22,"stat.pickup.immersiveengineering.metal_decoration0":2,"stat.pickup.buildcrafttransport.pipe_gold_power":74,"stat.swimOneCm":31923,"stat.climbOneCm":100802,"stat.drop.ic2.component_heat_exchanger":2,"stat.pickup.buildcrafttransport.pipe_diamond_item":4,"stat.pickup.opencomputers.storage":32,"stat.pickup.minecraft.glass":1,"stat.useItem.minecraft.stone_slab2":15779,"stat.pickup.buildcrafttransport.pipe_stone_power":12,"stat.pickup.minecraft.bow":1,"stat.useItem.minecraft.water_bucket":18,"stat.pickup.minecraft.sand":41,"stat.pickup.minecraft.golden_axe":1,"stat.useItem.immersivetech.metal_device":15,"stat.useItem.thuttech.devicelinker":18,"stat.pickup.minecraft.bucket":2,"stat.pickup.minecraft.cobblestone":1954,"stat.pickup.minecraft.wooden_hoe":1,"stat.flyOneCm":1196956,"stat.useItem.opencomputers.wrench":1,"stat.pickup.immersiveengineering.wirecoil":2,"stat.pickup.coloredlights.coloredlamp":1,"stat.pickup.minecraft.golden_pickaxe":1,"stat.timeSinceDeath":946429,"stat.useItem.minecraft.sign":1,"stat.useItem.minecraft.spawn_egg":1,"stat.useItem.buildcraftcore.paintbrush":136,"stat.pickup.buildcrafttransport.pipe_diamond_wood_fluid":5,"stat.useItem.minecraft.lever":1,"stat.pickup.buildcrafttransport.pipe_wood_fluid":11,"stat.pickup.buildcrafttransport.pipe_quartz_item":60,"stat.useItem.immersiveengineering.connector":18,"stat.pickup.buildcrafttransport.pipe_stone_item":150,"stat.pickup.minecraft.stonebrick":53,"stat.useItem.immersiveengineering.sheetmetal_slab":6,"stat.furnaceInteraction":7,"stat.pickup.buildcrafttransport.pipe_quartz_power":52,"stat.pickup.buildcrafttransport.pipe_void_item":5,"stat.pickup.minecraft.wooden_button":7,"stat.pickup.buildcrafttransport.pipe_gold_item":168,"stat.pickup.portalblocks.pedestalbutton":3,"stat.pickup.buildcrafttransport.pipe_iron_fluid":3,"stat.useItem.minecraft.milk_bucket":4,"stat.useItem.immersiveengineering.wooden_decoration":4,"stat.pickup.industrialrenewal.alarm":1,"stat.pickup.buildcrafttransport.pipe_diamond_fluid":9,"stat.useItem.portalblocks.pedestalbutton":3,"stat.sprintOneCm":5449,"stat.drop.minecraft.potion":1,"stat.pickup.buildcrafttransport.pipe_sandstone_item":10,"stat.pickup.buildcrafttransport.pipe_quartz_fluid":57,"stat.useItem.immersiveengineering.wirecoil":12,"stat.pickup.minecraft.potion":3,"stat.useItem.minecraft.flint_and_steel":2,"stat.useItem.minecraft.wooden_button":3,"stat.drop.minecraft.leaves":1,"stat.pickup.immersiveengineering.sheetmetal":1,"stat.pickup.minecraft.lever":7,"stat.drop":8,"stat.pickup.opencomputers.raid":2,"stat.playOneMinute":946429,"stat.pickup.buildcrafttransport.pipe_stone_fluid":64,"stat.pickup.buildcrafttransport.pipe_wood_power":23,"stat.useItem.immersiveengineering.storage_slab":7,"stat.diveOneCm":282601,"stat.chestOpened":28,"stat.useItem.moarsigns.moar_sign":3,"stat.useItem.ic2.cable":48,"stat.pickup.minecraft.sign":4,"stat.useItem.immersiveengineering.tool":2,"stat.pickup.minecraft.gravel":152,"stat.pickup.minecraft.arrow":26,"stat.useItem.minecraft.potion":67,"stat.pickup.ic2.te":18,"stat.useItem.immersiveengineering.metal_decoration2":5,"stat.useItem.immersiveengineering.metal_decoration1":9,"stat.useItem.immersiveengineering.metal_decoration0":7,"stat.jump":1235,"stat.pickup.minecraft.coal":33,"stat.pickup.minecraft.cooked_chicken":1,"stat.fallOneCm":1716,"stat.drop.minecraft.stone":2,"stat.pickup.opencomputers.rack":1,"stat.crouchOneCm":40333,"stat.pickup.minecraft.dirt":236,"stat.drop.minecraft.glass":1,"stat.pickup.minecraft.iron_ore":9,"stat.pickup.buildcrafttransport.pipe_void_fluid":4,"stat.pickup.buildcraftcore.fragile_fluid_shard":102,"stat.pickup.minecraft.leaves":1,"stat.pickup.buildcrafttransport.pipe_iron_item":7,"stat.brewingstandInteraction":2,"stat.pickup.buildcrafttransport.pipe_gold_fluid":76,"stat.damageTaken":120,"stat.pickup.minecraft.concrete":1,"stat.pickup.minecraft.lead":1,"stat.useItem.immersiveengineering.metal_device0":9,"stat.useItem.immersiveengineering.metal_device1":18,"stat.damageDealt":126,"stat.sleepInBed":1,"stat.pickup.industrialrenewal.catwalk_gate":1,"stat.walkOneCm":1668420,"stat.useItem.minecraft.torch":21,"stat.useItem.immersiveengineering.storage":77,"stat.pickup.minecraft.clay_ball":16,"stat.pickup.opencomputers.microcontroller":1,"stat.pickup.buildcrafttransport.pipe_wood_item":26,"stat.pickup.opencomputers.card":7,"stat.useItem.immersiveengineering.sheetmetal":38,"stat.pickup.buildcraftcore.wrench":2,"stat.pickup.ic2.component_heat_exchanger":2,"stat.useItem.ic2.te":8,"stat.pickup.minecraft.iron_pickaxe":1,"stat.pickup.minecraft.stone":193,"stat.pickup.minecraft.apple":7,"stat.pickup.minecraft.ladder":10,"stat.useItem.minecraft.concrete":60,"stat.pickup.buildcrafttransport.pipe_structure":15,"stat.pickup.ic2.cable":3,"stat.pickup.minecraft.bread":14,"stat.drop.minecraft.filled_map":1,"stat.useItem.minecraft.stonebrick":22,"stat.pickup.minecraft.iron_door":1,"stat.pickup.minecraft.torch":44,"stat.pickup.buildcrafttransport.pipe_sandstone_power":5,"stat.sneakTime":36899,"stat.pickup.immersiveengineering.connector":2,"stat.pickup.minecraft.yellow_flower":2}