{"stat.chestOpened":90,"stat.horseOneCm":9193,"stat.leaveGame":2,"stat.useItem.minecraft.potion":4,"stat.useItem.immersiveengineering.metal_decoration2":39,"stat.useItem.immersiveengineering.metal_decoration0":9,"stat.jump":539,"stat.swimOneCm":3377,"stat.drop.thuttech.lift":6,"stat.pickup.minecraft.coal":78,"stat.climbOneCm":26075,"stat.pickup.minecraft.iron_ingot":1,"stat.fallOneCm":1179,"stat.crouchOneCm":8877,"stat.useItem.minecraft.stone_slab2":1735,"stat.drop.buildcrafttransport.pipe_stripes_item":1,"stat.pickup.thuttech.lift":6,"stat.pickup.buildcraftcore.fragile_fluid_shard":124,"stat.pickup.minecraft.leaves":1,"stat.pickup.minecraft.leather":2,"stat.damageTaken":380,"stat.drop.buildcrafttransport.pipe_quartz_item":1,"stat.flyOneCm":295837,"stat.pickup.immersiveengineering.wirecoil":2,"stat.timeSinceDeath":339579,"stat.useItem.minecraft.spawn_egg":1,"stat.drop.buildcrafttransport.pipe_obsidian_item":1,"stat.useItem.buildcraftcore.paintbrush":4,"stat.useItem.buildcraftcore.map_location":1,"stat.walkOneCm":607805,"stat.useItem.immersiveengineering.storage":34,"stat.useItem.buildcraftcore.volume_box":1,"stat.useItem.immersiveengineering.connector":14,"stat.useItem.immersiveengineering.sheetmetal_slab":7,"stat.furnaceInteraction":31,"stat.pickup.buildcrafttransport.pipe_gold_item":21,"stat.useItem.malisisswitches.powerlinker":21,"stat.sprintOneCm":2736,"stat.pickup.minecraft.gold_ingot":1,"stat.drop.minecraft.potion":1,"stat.pickup.buildcrafttransport.plug_blocker":1,"stat.useItem.immersiveengineering.wirecoil":8,"stat.pickup.minecraft.saddle":1,"stat.drop.minecraft.dispenser":1,"stat.pickup.minecraft.water_bucket":1,"stat.drop":6,"stat.pickup.minecraft.diamond":1,"stat.playOneMinute":339579,"stat.useItem.immersiveengineering.wooden_device0":2,"stat.sneakTime":9846,"stat.pickup.minecraft.lava_bucket":1,"stat.pickup.immersiveengineering.connector":2,"stat.useItem.immersiveengineering.storage_slab":61,"stat.pickup.minecraft.yellow_flower":1,"stat.diveOneCm":2254,"stat.pickup.minecraft.chest":34}