{"stat.beaconInteraction":4,"stat.chestOpened":8,"stat.walkOneCm":246432,"stat.useItem.immersiveengineering.storage":8,"stat.useItem.ic2.cable":145,"stat.drop.ic2.re_battery":2,"stat.pickup.minecraft.sign":1,"stat.leaveGame":1,"stat.useItem.immersiveengineering.connector":22,"stat.furnaceInteraction":9,"stat.talkedToVillager":4,"stat.useItem.minecraft.potion":1,"stat.useItem.immersiveengineering.metal_decoration2":4,"stat.drop.immersiveengineering.tool":2,"stat.jump":249,"stat.pickup.minecraft.coal":70,"stat.climbOneCm":9912,"stat.pickup.minecraft.stone":3,"stat.crouchOneCm":5135,"stat.pickup.minecraft.glass":1,"stat.sprintOneCm":1036,"stat.useItem.minecraft.stone_slab2":483,"stat.pickup.immersiveengineering.tool":2,"stat.useItem.minecraft.glass":1,"stat.pickup.minecraft.gold_ore":4,"stat.drop.minecraft.lever":1,"stat.useItem.immersiveengineering.wirecoil":15,"stat.pickup.minecraft.potion":1,"stat.pickup.ic2.cable":4,"stat.flyOneCm":102448,"stat.pickup.minecraft.lever":1,"stat.drop":5,"stat.playOneMinute":108292,"stat.pickup.immersiveengineering.wirecoil":6,"stat.pickup.immersiveengineering.fluorescent_tube":2,"stat.useItem.immersiveengineering.wooden_device0":3,"stat.sneakTime":3712,"stat.useItem.immersiveengineering.metal_device0":6,"stat.pickup.minecraft.lava_bucket":2,"stat.useItem.immersiveengineering.metal_device1":5,"stat.damageDealt":30,"stat.pickup.immersiveengineering.connector":2,"stat.sleepInBed":2,"stat.timeSinceDeath":108292,"stat.pickup.ic2.re_battery":1,"stat.useItem.minecraft.spawn_egg":1}