{"stat.beaconInteraction":1,"stat.useItem.ic2.bronze_sword":22,"stat.pickup.immersiveengineering.wooden_device1":2,"stat.pigOneCm":940,"stat.leaveGame":10,"stat.pickup.immersiveengineering.metal_decoration0":4,"stat.pickup.immersiveengineering.metal_decoration1":2,"stat.swimOneCm":691,"stat.climbOneCm":46590,"stat.useItem.immersiveengineering.stone_device":2,"stat.pickup.immersiveengineering.conveyor":1,"stat.pickup.minecraft.porkchop":3,"stat.drop.minecraft.melon":4,"stat.useItem.minecraft.stone_slab2":10791,"stat.useItem.minecraft.golden_sword":22,"stat.useItem.thuttech.devicelinker":10,"stat.pickup.minecraft.bucket":1,"stat.flyOneCm":1257114,"stat.timeSinceDeath":719390,"stat.hopperInspected":1,"stat.useItem.buildcraftcore.paintbrush":332,"stat.useItem.immersiveengineering.connector":4,"stat.useItem.immersiveengineering.sheetmetal_slab":23,"stat.pickup.minecraft.trapdoor":1,"stat.pickup.minecraft.wooden_button":2,"stat.sprintOneCm":13258,"stat.useItem.minecraft.stone_slab":7,"stat.pickup.immersiveengineering.sheetmetal":3,"stat.pickup.minecraft.lever":2,"stat.drop":12,"stat.playOneMinute":719390,"stat.pickup.minecraft.stone_button":1,"stat.useItem.immersiveengineering.wooden_device0":1,"stat.useItem.immersiveengineering.wooden_device1":4,"stat.pickup.minecraft.glass_pane":1,"stat.useItem.immersiveengineering.storage_slab":54,"stat.drop.minecraft.torch":1,"stat.useItem.ic2.foam_sprayer":8,"stat.diveOneCm":702,"stat.chestOpened":25,"stat.useItem.ic2.cable":24,"stat.pickup.ic2.reactor_heat_vent":1,"stat.useItem.immersiveengineering.tool":19,"stat.pickup.minecraft.sign":1,"stat.useItem.minecraft.potion":24,"stat.pickup.ic2.te":4,"stat.useItem.immersiveengineering.metal_decoration2":8,"stat.useItem.immersiveengineering.metal_decoration1":128,"stat.useItem.immersiveengineering.metal_decoration0":20,"stat.jump":1246,"stat.drop.thuttech.lift":15,"stat.pickup.minecraft.coal":72,"stat.pickup.minecraft.iron_ingot":9,"stat.drop.minecraft.stone":2,"stat.crouchOneCm":35410,"stat.pickup.minecraft.melon":4,"stat.craftingTableInteraction":1,"stat.useItem.ic2.nano_saber":15,"stat.pickup.thuttech.lift":15,"stat.pickup.malisisdoors.laboratory_door":1,"stat.pickup.buildcraftcore.fragile_fluid_shard":274,"stat.brewingstandInteraction":5,"stat.pickup.immersiveengineering.stone_decoration":3,"stat.useItem.immersiveengineering.metal_device0":40,"stat.useItem.immersiveengineering.metal_device1":336,"stat.damageDealt":2028,"stat.killEntity.Pig":1,"stat.pickup.minecraft.piston":1,"stat.walkOneCm":1073191,"stat.useItem.immersiveengineering.storage":956,"stat.useItem.minecraft.torch":7,"stat.drop.buildcrafttransport.pipe_gold_fluid":1,"stat.pickup.immersiveengineering.storage":1,"stat.useItem.immersiveengineering.sheetmetal":121,"stat.pickup.malisisswitches.basicswitch1":1,"stat.useItem.ic2.te":3,"stat.useItem.malisisswitches.powerlinker":6,"stat.drop.malisisswitches.powerlinker":1,"stat.pickup.minecraft.sapling":1,"stat.pickup.forestry.analyzer":1,"stat.drop.minecraft.lever":1,"stat.pickup.ic2.cable":1,"stat.mobKills":3,"stat.pickup.minecraft.iron_door":1,"stat.pickup.minecraft.torch":20,"stat.pickup.minecraft.red_flower":1,"stat.sneakTime":38507,"stat.pickup.minecraft.lava_bucket":2}