{
    "name": "五彩缤纷桶",
    "icon": "naturesaura:color_changer",
    "category": "items",
    "advancement": "naturesaura:infused_materials",
    "pages": [
        {
            "type": "text",
            "text": "使用$(thing)颜色$()让建筑美观的手段是建筑玩家间的标准技术。然而，有时很难找到你所需的所有颜色。$(item)五彩缤纷桶$()，仅仅使用了世上的三种主要颜色，可以在接触时创造任何颜色，并将颜色转移到可染色方块上。"
        },
        {
            "type": "text",
            "text": "要使用五彩缤纷桶，只需在潜行时交互任何可染色方块。若想让这颜色转移到另一方块，只需直接与之交互。$(br)对空气潜行右击可以切换至$(thing)填充模式$()，意味着一旦着色了一个可染色方块，周围所有的同色方块都将被着色。$(br)当然，这些都需要一些$(thing)灵气$()，需要依靠背包中的$(l:items/aura_cache)灵气缓存$()。"
        },
        {
            "type": "crafting",
            "text": "合成$(item)五彩缤纷桶$()",
            "recipe": "naturesaura:color_changer"
        }
    ]
}
